"dataset","file","package_list"
NA,NA,NA
"https://doi.org/10.7910/DVN/29566","Replication1.R",""
"https://doi.org/10.7910/DVN/29566","Replication2.R",""
"https://doi.org/10.7910/DVN/29205","CCOA regs and graphs 2014.R","arm"
"https://doi.org/10.7910/DVN/28930","Hainmueller_Hall_Snyder_replication.R",""
"https://doi.org/10.7910/DVN/29314","analysis_main.R",""
"https://doi.org/10.7910/DVN/29314","analysis_retaliation.R",""
"https://doi.org/10.7910/DVN/29314","fig2.R",""
"https://doi.org/10.7910/DVN/29314","mcmc_main.R",""
"https://doi.org/10.7910/DVN/29314","mcmc_retaliation.R",""
"https://doi.org/10.7910/DVN/29379","create-datasets.R",""
"https://doi.org/10.7910/DVN/29379","replication-appendix.R",""
"https://doi.org/10.7910/DVN/29379","replication-figures2-5.R",""
"https://doi.org/10.7910/DVN/DGHX1E","2_CJL_figures.R",""
"https://doi.org/10.7910/DVN/PAKFM8","FH_figures.R",""
"https://doi.org/10.7910/DVN/PAKFM8","FH_maps.R",""
"https://doi.org/10.7910/DVN/NJRZXP","00_HillTausanovitchMaster.R",""
"https://doi.org/10.7910/DVN/NJRZXP","01_createANESData.R",""
"https://doi.org/10.7910/DVN/NJRZXP","02_mergeCrossSectionalItems.R",""
"https://doi.org/10.7910/DVN/NJRZXP","03_createLessGluedData.R",""
"https://doi.org/10.7910/DVN/NJRZXP","04_createSocialItemsOnlyData.R",""
"https://doi.org/10.7910/DVN/NJRZXP","13_makeCumulativeMap.R",""
"https://doi.org/10.7910/DVN/NJRZXP","14_marginalsPlot.R",""
"https://doi.org/10.7910/DVN/NJRZXP","15_summarizePosteriorSamples.R",""
"https://doi.org/10.7910/DVN/NJRZXP","16_questionsPerYear.R",""
"https://doi.org/10.7910/DVN/NJRZXP","19_simulatePolarization.R",""
"https://doi.org/10.7910/DVN/BYLEA4","Attention.R",""
"https://doi.org/10.7910/DVN/BYLEA4","Attention_SI.R",""
"https://doi.org/10.7910/DVN/BYLEA4","Conflict.R",""
"https://doi.org/10.7910/DVN/BYLEA4","Conflict_SI.R",""
"https://doi.org/10.7910/DVN/DGXXH9","1-generate_positions.R",""
"https://doi.org/10.7910/DVN/DGXXH9","2.1-generate_master_data.R",""
"https://doi.org/10.7910/DVN/DGXXH9","2.2-generate_data_for_model_estimation.R",""
"https://doi.org/10.7910/DVN/DGXXH9","3.1-generate_descriptive_stats_and_tables.R",""
"https://doi.org/10.7910/DVN/DGXXH9","3.2-plot_speaker_selection_over_time.R",""
"https://doi.org/10.7910/DVN/DGXXH9","3.3-generate_boxplots.R",""
"https://doi.org/10.7910/DVN/DGXXH9","3.4-plot_positions_over_time.R",""
"https://doi.org/10.7910/DVN/DGXXH9","4.1-estimate_models_ML.R",""
"https://doi.org/10.7910/DVN/DGXXH9","4.2-estimate_selection_models_JAGS.R",""
"https://doi.org/10.7910/DVN/DGXXH9","4.3-estimate_outcome_models_JAGS.R",""
"https://doi.org/10.7910/DVN/DGXXH9","4.4-estimate_joint_models_JAGS.R",""
"https://doi.org/10.7910/DVN/DGXXH9","5.1-generate_tables_and_coefplots_selection_model.R",""
"https://doi.org/10.7910/DVN/DGXXH9","5.2-generate_tables_and_coefplots_outcome_model.R",""
"https://doi.org/10.7910/DVN/DGXXH9","5.3-generate_tables_and_coefplots_joint_model.R",""
"https://doi.org/10.7910/DVN/DGXXH9","6.1-plot_predictions_selection_model.R",""
"https://doi.org/10.7910/DVN/DGXXH9","6.2-plot_predictions_outcome_model.R",""
"https://doi.org/10.7910/DVN/DGXXH9","6.3-plot_predictions_joint_model.R",""
"https://doi.org/10.7910/DVN/VPTIEZ","Attention.R",""
"https://doi.org/10.7910/DVN/VPTIEZ","Attention_SI.R",""
"https://doi.org/10.7910/DVN/VPTIEZ","Conflict.R",""
"https://doi.org/10.7910/DVN/VPTIEZ","Conflict_SI.R",""
"https://doi.org/10.7910/DVN/JDPNNU","AldMck-Monte Carlo.R",""
"https://doi.org/10.7910/DVN/JDPNNU","Aldrich-McKelvey Comparing 2010 and 2012.R",""
"https://doi.org/10.7910/DVN/JDPNNU","Aldrich-McKelvey Scaling - 2010 Master.R",""
"https://doi.org/10.7910/DVN/JDPNNU","Aldrich-McKelvey Scaling - 2012 Master.R",""
"https://doi.org/10.7910/DVN/JDPNNU","Gubernatorial_Leapfrogging.R",""
"https://doi.org/10.7910/DVN/JDPNNU","IdeologyGraphs.R",""
"https://doi.org/10.7910/DVN/JDPNNU","Scaling Governors Aldrich-McKelvey 2010.R",""
"https://doi.org/10.7910/DVN/JDPNNU","Scaling Governors Aldrich-McKelvey 2012.R",""
"https://doi.org/10.7910/DVN/JDPNNU","Scaling House Members Aldrich-McKelvey 2010.R",""
"https://doi.org/10.7910/DVN/JDPNNU","Scaling House Members Aldrich-McKelvey 2012.R",""
"https://doi.org/10.7910/DVN/JDPNNU","Scaling Senators Aldrich-McKelvey 2010.R",""
"https://doi.org/10.7910/DVN/JDPNNU","Scaling Senators Aldrich-McKelvey 2012.R",""
"https://doi.org/10.7910/DVN/VGI93T","analysis.R",""
"https://doi.org/10.7910/DVN/VGI93T","helper_functions.R",""
"https://doi.org/10.7910/DVN/VGI93T","IVanalysis.R",""
"https://doi.org/10.7910/DVN/VGI93T","mediation.R",""
"https://doi.org/10.7910/DVN/VGI93T","nonlinear.R","KRLS"
"https://doi.org/10.7910/DVN/VGI93T","replication.R",""
"https://doi.org/10.7910/DVN/VGI93T","robustness.R",""
"https://doi.org/10.7910/DVN/VGI93T","selection.R",""
"https://doi.org/10.7910/DVN/DAGL4S","R_code_for_replication.R",""
"https://doi.org/10.7910/DVN/7YEK7H","JOP_replication.R",""
"https://doi.org/10.7910/DVN/FXRIOS","plot.ci2.R",""
"https://doi.org/10.7910/DVN/FXRIOS","rr_cces.R",""
"https://doi.org/10.7910/DVN/FXRIOS","rr_ssi.R",""
"https://doi.org/10.7910/DVN/FXRIOS","rr_taps.R",""
"https://doi.org/10.7910/DVN/FXRIOS","rr_yougov.R",""
"https://doi.org/10.7910/DVN/SK8AGA","Figure_1.R",""
"https://doi.org/10.7910/DVN/SK8AGA","Figure_2.R",""
"https://doi.org/10.7910/DVN/SK8AGA","Figure_A6.R",""
"https://doi.org/10.7910/DVN/SK8AGA","Figure_A7.R",""
"https://doi.org/10.7910/DVN/SK8AGA","Figure_A9.R",""
"https://doi.org/10.7910/DVN/SK8AGA","Table_3.R",""
"https://doi.org/10.7910/DVN/SK8AGA","Table_A2.R",""
"https://doi.org/10.7910/DVN/6LTHVZ","Figure1replication.R",""
"https://doi.org/10.7910/DVN/6LTHVZ","replication_mergers.R","foreign"
"https://doi.org/10.7910/DVN/3M9OD8","Fraga2016_Figures2to5.R",""
"https://doi.org/10.7910/DVN/3M9OD8","Fraga2016_Tables1to3.R",""
"https://doi.org/10.7910/DVN/DDQDMS","Figures_and_Tables_1.R",""
"https://doi.org/10.7910/DVN/DDQDMS","Figures_and_Tables_2.R",""
"https://doi.org/10.7910/DVN/DDQDMS","Figures_and_Tables_3.R",""
"https://doi.org/10.7910/DVN/DDQDMS","Figures_and_Tables_4.R",""
"https://doi.org/10.7910/DVN/DDQDMS","Figures_and_Tables_5.R",""
"https://doi.org/10.7910/DVN/DDQDMS","Figures_and_Tables_6.R",""
"https://doi.org/10.7910/DVN/WBBAE3","GAM R code.R",""
"https://doi.org/10.7910/DVN/WBBAE3","R_Graphs.R",""
"https://doi.org/10.7910/DVN/OB00VG","kenya_replication.R",""
"https://doi.org/10.7910/DVN/EP7DXB","BirthLegaciesWarAppendixFigures.R",""
"https://doi.org/10.7910/DVN/XG6QQX","___analysis_crosssection.R",""
"https://doi.org/10.7910/DVN/XG6QQX","___analysis_panel.R",""
"https://doi.org/10.7910/DVN/XG6QQX","___analysis_timeseries_dataverse.R",""
"https://doi.org/10.7910/DVN/XG6QQX","___sampledefinition_dataverse.R",""
"https://doi.org/10.7910/DVN/Q0XAPV","lineplot.R",""
"https://doi.org/10.7910/DVN/Q0XAPV","mosaic.R",""
"https://doi.org/10.7910/DVN/96WYRS","analysis.R",""
"https://doi.org/10.7910/DVN/E2187A","create_figure2.R",""
"https://doi.org/10.7910/DVN/V2HIVR","ciri_polity_analysis_jop.R",""
"https://doi.org/10.7910/DVN/9RTI0V","coeftest.cluster.R",""
"https://doi.org/10.7910/DVN/9RTI0V","CongIRT-1.R",""
"https://doi.org/10.7910/DVN/9RTI0V","CongIRT-2.R",""
"https://doi.org/10.7910/DVN/9RTI0V","CongIRT-3.R",""
"https://doi.org/10.7910/DVN/9RTI0V","CongIRT-4.R",""
"https://doi.org/10.7910/DVN/9RTI0V","figure1.R",""
"https://doi.org/10.7910/DVN/9RTI0V","figure2_3-plots.R",""
"https://doi.org/10.7910/DVN/9RTI0V","figure2-analysis.R",""
"https://doi.org/10.7910/DVN/9RTI0V","figure3-demx_analysis.R",""
"https://doi.org/10.7910/DVN/9RTI0V","figure3-repx_analysis.R",""
"https://doi.org/10.7910/DVN/9RTI0V","figure4-analysis.R",""
"https://doi.org/10.7910/DVN/9RTI0V","figure4-plots.R",""
"https://doi.org/10.7910/DVN/9RTI0V","figureI-analysis.R",""
"https://doi.org/10.7910/DVN/9RTI0V","figureIII-IV.R",""
"https://doi.org/10.7910/DVN/9RTI0V","figureII.R",""
"https://doi.org/10.7910/DVN/9RTI0V","figureI-plots.R",""
"https://doi.org/10.7910/DVN/9RTI0V","figureVII-analysis.R",""
"https://doi.org/10.7910/DVN/9RTI0V","figureVII-imputed_analysis.R",""
"https://doi.org/10.7910/DVN/9RTI0V","figureVII-imputed-plots.R",""
"https://doi.org/10.7910/DVN/9RTI0V","figureVII-plots.R",""
"https://doi.org/10.7910/DVN/9RTI0V","figureVI.R",""
"https://doi.org/10.7910/DVN/9RTI0V","imputeCovs.R",""
"https://doi.org/10.7910/DVN/9RTI0V","plot.pval.R",""
"https://doi.org/10.7910/DVN/9RTI0V","prelimMain.R",""
"https://doi.org/10.7910/DVN/9RTI0V","prelimRobust.R",""
"https://doi.org/10.7910/DVN/9RTI0V","table1.R",""
"https://doi.org/10.7910/DVN/9RTI0V","table2-margin.R",""
"https://doi.org/10.7910/DVN/9RTI0V","table2-reelection.R",""
"https://doi.org/10.7910/DVN/9RTI0V","table3_iv_fstats.R",""
"https://doi.org/10.7910/DVN/9RTI0V","table3.R",""
"https://doi.org/10.7910/DVN/9RTI0V","tableFn13-comp.R",""
"https://doi.org/10.7910/DVN/9RTI0V","tableFn13-safe.R",""
"https://doi.org/10.7910/DVN/9RTI0V","tableI-comp.R",""
"https://doi.org/10.7910/DVN/9RTI0V","tableII-demx.R",""
"https://doi.org/10.7910/DVN/9RTI0V","tableIII-earlyinc.R",""
"https://doi.org/10.7910/DVN/9RTI0V","tableIII-lateinc.R",""
"https://doi.org/10.7910/DVN/9RTI0V","tableII-repx.R",""
"https://doi.org/10.7910/DVN/9RTI0V","tableI-safe.R",""
"https://doi.org/10.7910/DVN/9RTI0V","tableIX-nokken.R",""
"https://doi.org/10.7910/DVN/9RTI0V","tableIX-unbridged.R",""
"https://doi.org/10.7910/DVN/9RTI0V","tableVIII-imputeall.R",""
"https://doi.org/10.7910/DVN/9RTI0V","tableVIII-imputenone.R",""
"https://doi.org/10.7910/DVN/9RTI0V","tableVII.R",""
"https://doi.org/10.7910/DVN/9RTI0V","tableVI-norain.R",""
"https://doi.org/10.7910/DVN/9RTI0V","tableVI-raincontrol.R",""
"https://doi.org/10.7910/DVN/9RTI0V","tableV-margin.R",""
"https://doi.org/10.7910/DVN/9RTI0V","tableV-reelection.R",""
"https://doi.org/10.7910/DVN/9RTI0V","tableX-ghk.R",""
"https://doi.org/10.7910/DVN/9RTI0V","tableXII-early.R",""
"https://doi.org/10.7910/DVN/9RTI0V","tableXIII-absentee.R",""
"https://doi.org/10.7910/DVN/9RTI0V","tableXIII-noabsentee.R",""
"https://doi.org/10.7910/DVN/9RTI0V","tableXII-noearly.R",""
"https://doi.org/10.7910/DVN/9RTI0V","tableX-imputeghk.R",""
"https://doi.org/10.7910/DVN/9RTI0V","tableXI-oregon_post.R",""
"https://doi.org/10.7910/DVN/9RTI0V","tableXI-oregon_pre.R",""
"https://doi.org/10.7910/DVN/9RTI0V","tableXIV-battleground.R",""
"https://doi.org/10.7910/DVN/9RTI0V","tableXIV-nonbattleground.R",""
"https://doi.org/10.7910/DVN/HQKQCQ","did_function.R",""
"https://doi.org/10.7910/DVN/HQKQCQ","jop_replication_dataverse2.R",""
"https://doi.org/10.7910/DVN/HQKQCQ","pred.function.R",""
"https://doi.org/10.7910/DVN/HQKQCQ","reg.results.function.R",""
"https://doi.org/10.7910/DVN/MSTR3F","plot.R",""
"https://doi.org/10.7910/DVN/8XPBSA","cr_competitiveness.R",""
"https://doi.org/10.7910/DVN/8XPBSA","cr_comp_ppos.R",""
"https://doi.org/10.7910/DVN/8XPBSA","cr_lrpos.R",""
"https://doi.org/10.7910/DVN/8XPBSA","fncs_logrile.R",""
"https://doi.org/10.7910/DVN/8XPBSA","fun_DrawPropVec.R",""
"https://doi.org/10.7910/DVN/8XPBSA","fun_KnowledgeDecline.R",""
"https://doi.org/10.7910/DVN/8XPBSA","fun_plotME2.R",""
"https://doi.org/10.7910/DVN/8XPBSA","fun_PredictClogit.R",""
"https://doi.org/10.7910/DVN/8XPBSA","fun_SimVoteShares.R",""
"https://doi.org/10.7910/DVN/8XPBSA","fun_SimVoting.R",""
"https://doi.org/10.7910/DVN/8XPBSA","gr_clogit_time.R",""
"https://doi.org/10.7910/DVN/8XPBSA","gr_meps.R",""
"https://doi.org/10.7910/DVN/8XPBSA","gr_theory_comp.R",""
"https://doi.org/10.7910/DVN/HKURUI","leaders_endogenous_primo.R",""
"https://doi.org/10.7910/DVN/HKURUI","leaders_main_figures.R",""
"https://doi.org/10.7910/DVN/HKURUI","leaders_main.R",""
"https://doi.org/10.7910/DVN/HKURUI","leaders_mediation.R",""
"https://doi.org/10.7910/DVN/HKURUI","leaders_parliaments.R",""
"https://doi.org/10.7910/DVN/FEP8O2","repcode.R",""
"https://doi.org/10.7910/DVN/WSJX0X","Mayors_SizeGoverment_160217_descriptives.R",""
"https://doi.org/10.7910/DVN/WSJX0X","rd.export.R",""
"https://doi.org/10.7910/DVN/SR0NMB","CARIRT.R",""
"https://doi.org/10.7910/DVN/SR0NMB","CPGregression.R",""
"https://doi.org/10.7910/DVN/SR0NMB","LDAIRT.R",""
"https://doi.org/10.7910/DVN/SR0NMB","LIRT.R",""
"https://doi.org/10.7910/DVN/SR0NMB","RcppExports.R",""
"https://doi.org/10.7910/DVN/SR0NMB","Script 1 - Estimate Case Specific Preferences.R","eliot"
"https://doi.org/10.7910/DVN/SR0NMB","Script 2 - Estimate Models for Authorship and Joins.R",""
"https://doi.org/10.7910/DVN/SR0NMB","summary.CARIRT.R",""
"https://doi.org/10.7910/DVN/SR0NMB","summary.DLIRT.R",""
"https://doi.org/10.7910/DVN/SR0NMB","summary.LDAIRT.R",""
"https://doi.org/10.7910/DVN/SR0NMB","summary.LIRT.R",""
"https://doi.org/10.7910/DVN/SR0NMB","utilityfunctions.R",""
"https://doi.org/10.7910/DVN/SR0NMB","wordminnow.R",""
"https://doi.org/10.7910/DVN/CAEEG7","interpolation.R","raster"
"https://doi.org/10.7910/DVN/CAEEG7","panel-utils.R","reshape"
"https://doi.org/10.7910/DVN/CAEEG7","slavery-jop-replication.R",""
"https://doi.org/10.7910/DVN/CAEEG7","slavery-maps-replication.R","raster"
"https://doi.org/10.7910/DVN/CAEEG7","slavery-migration-40s.R",""
"https://doi.org/10.7910/DVN/CAEEG7","slavery-migration-today.R","hexbin"
"https://doi.org/10.7910/DVN/CAEEG7","slavery-youth-parent.R","foreign"
"https://doi.org/10.7910/DVN/NIGQBX","FinalRep.R",""
"https://doi.org/10.7910/DVN/6N2PN4","02-final-plots.R",""
"https://doi.org/10.7910/DVN/6N2PN4","final-histograms.R",""
"https://doi.org/10.7910/DVN/XBBOHV","covariates_charmedlife.R",""
"https://doi.org/10.7910/DVN/XBBOHV","create_procfirmall.R",""
"https://doi.org/10.7910/DVN/XBBOHV","repcode_charmedlifeNoMI.R",""
"https://doi.org/10.7910/DVN/XBBOHV","repcode_charmedlife.R",""
"https://doi.org/10.7910/DVN/XBBOHV","survey_charmedlife.R",""
"https://doi.org/10.7910/DVN/JOXCZY","WeitzShapiroWinters_JOP_Credibility_Replication.R",""
"https://doi.org/10.7910/DVN/UAWGPU","NPCReplication.R",""
"https://doi.org/10.7910/DVN/EHVYNN","conjoint.estimation.R",""
"https://doi.org/10.7910/DVN/EHVYNN","data_management.R",""
"https://doi.org/10.7910/DVN/EHVYNN","Estimation_batch.R",""
"https://doi.org/10.7910/DVN/EHVYNN","Estimation.R",""
"https://doi.org/10.7910/DVN/EHVYNN","factorial.experiment.estimation.R",""
"https://doi.org/10.7910/DVN/EHVYNN","feasibility.estimation.R",""
"https://doi.org/10.7910/DVN/EHVYNN","heatmap.estimation.R",""
"https://doi.org/10.7910/DVN/EHVYNN","move.behavior.estimation.R",""
"https://doi.org/10.7910/DVN/EHVYNN","neighborhood.quality.proxy.analysis.R",""
"https://doi.org/10.7910/DVN/EHVYNN","other.appendix.estimation.R",""
"https://doi.org/10.7910/DVN/EHVYNN","quickfire.estimation.R",""
"https://doi.org/10.7910/DVN/EDGRDC","conjoint.estimation.R",""
"https://doi.org/10.7910/DVN/EDGRDC","data_management.R",""
"https://doi.org/10.7910/DVN/EDGRDC","Estimation_batch.R",""
"https://doi.org/10.7910/DVN/EDGRDC","Estimation.R",""
"https://doi.org/10.7910/DVN/EDGRDC","factorial.experiment.estimation.R",""
"https://doi.org/10.7910/DVN/EDGRDC","feasibility.estimation.R",""
"https://doi.org/10.7910/DVN/EDGRDC","heatmap.estimation.R",""
"https://doi.org/10.7910/DVN/EDGRDC","move.behavior.estimation.R",""
"https://doi.org/10.7910/DVN/EDGRDC","neighborhood.quality.proxy.analysis.R",""
"https://doi.org/10.7910/DVN/EDGRDC","other.appendix.estimation.R",""
"https://doi.org/10.7910/DVN/EDGRDC","quickfire.estimation.R",""
"https://doi.org/10.7910/DVN/FL08PZ","contribution analysis.R",""
"https://doi.org/10.7910/DVN/FL08PZ","functions.R",""
"https://doi.org/10.7910/DVN/FL08PZ","health and participation analysis - JOP.R",""
"https://doi.org/10.7910/DVN/FL08PZ","persuasion analysis.R",""
"https://doi.org/10.7910/DVN/FL08PZ","set up data from private.R",""
"https://doi.org/10.7910/DVN/FL08PZ","vote (self-report) analysis.R",""
"https://doi.org/10.7910/DVN/FL08PZ","voting analysis.R",""
"https://doi.org/10.7910/DVN/D5WS0Y","exp1_results.R","stargazer"
"https://doi.org/10.7910/DVN/D5WS0Y","exp2_results.R","stargazer"
"https://doi.org/10.7910/DVN/D5WS0Y","exp3_1_results.R","ggplot2"
"https://doi.org/10.7910/DVN/D5WS0Y","exp3_2_resuts.R","ggplot2"
"https://doi.org/10.7910/DVN/D5WS0Y","isolation_exp.R","xtable"
"https://doi.org/10.7910/DVN/GMWOY6","cces_figureA1.R",""
"https://doi.org/10.7910/DVN/GMWOY6","figure1.R","ggplot2"
"https://doi.org/10.7910/DVN/GMWOY6","figureA2.R",""
"https://doi.org/10.7910/DVN/K8SC39","JOP AppendixA.R",""
"https://doi.org/10.7910/DVN/K8SC39","JOP AppendixC.R","foreign"
"https://doi.org/10.7910/DVN/K8SC39","JOP AppendixD.R","foreign"
"https://doi.org/10.7910/DVN/K8SC39","JOP AppendixE.R","foreign"
"https://doi.org/10.7910/DVN/K8SC39","JOP AppendixF.R","foreign"
"https://doi.org/10.7910/DVN/K8SC39","JOP Figure2.R",""
"https://doi.org/10.7910/DVN/K8SC39","JOP Table1.R","foreign"
"https://doi.org/10.7910/DVN/CFT901","Field_Individual_Replication_All Analyses in Paper.R",""
"https://doi.org/10.7910/DVN/CFT901","Lab_Group_Replication_All Analyses in Paper.R",""
"https://doi.org/10.7910/DVN/GJLYGI","Balance Checks.R","foreign"
"https://doi.org/10.7910/DVN/GJLYGI","Randomization Check.R","foreign"
"https://doi.org/10.7910/DVN/KKS1R0","as_mcmc.R",""
"https://doi.org/10.7910/DVN/KKS1R0","data_bayes_out.R",""
"https://doi.org/10.7910/DVN/KKS1R0","data_management_textfiles.R",""
"https://doi.org/10.7910/DVN/KKS1R0","ep_idealpoints_and_errors_bayes80.R",""
"https://doi.org/10.7910/DVN/KKS1R0","ep_jags_functions.R",""
"https://doi.org/10.7910/DVN/KKS1R0","plots_positions_bayes.R",""
"https://doi.org/10.7910/DVN/KKS1R0","posteriorchecks.R",""
"https://doi.org/10.7910/DVN/KKS1R0","prepare_data_set.R",""
"https://doi.org/10.7910/DVN/KKS1R0","preparing_speeches_file.R",""
"https://doi.org/10.7910/DVN/KKS1R0","preparing_speeches_function.R",""
"https://doi.org/10.7910/DVN/KKS1R0","save_data_bayes.R",""
"https://doi.org/10.7910/DVN/KKS1R0","wfm_filter.R",""
"https://doi.org/10.7910/DVN/RTJ38N","PKK Synthetic Controls Replication.R",""
"https://doi.org/10.7910/DVN/9SAX3K","data_gles.R",""
"https://doi.org/10.7910/DVN/9SAX3K","data_oest.R",""
"https://doi.org/10.7910/DVN/9SAX3K","Model_Data_gles.R",""
"https://doi.org/10.7910/DVN/9SAX3K","Model_Data_oest.R",""
"https://doi.org/10.7910/DVN/9SAX3K","Model_gles.R",""
"https://doi.org/10.7910/DVN/9SAX3K","Model_oest.R",""
"https://doi.org/10.7910/DVN/9SAX3K","Results_gles.R",""
"https://doi.org/10.7910/DVN/9SAX3K","Results_oest.R",""
"https://doi.org/10.7910/DVN/9SAX3K","Sampler_baysianmodel.R",""
"https://doi.org/10.7910/DVN/0E9KON","figure1.R",""
"https://doi.org/10.7910/DVN/0E9KON","main_analysis.R","rgeos"
"https://doi.org/10.7910/DVN/0E9KON","results_plots.R",""
"https://doi.org/10.7910/DVN/0E9KON","table1.R",""
"https://doi.org/10.7910/DVN/A2EIZC","joprep1.R",""
"https://doi.org/10.7910/DVN/GOLMTC","plots_and_tables_balance.R",""
"https://doi.org/10.7910/DVN/GOLMTC","plots_forcing_variable.R",""
"https://doi.org/10.7910/DVN/GOLMTC","plots_LATE.R",""
"https://doi.org/10.7910/DVN/GOLMTC","plots_RI_fourcases.R",""
"https://doi.org/10.7910/DVN/GOLMTC","tables_1994_opinions.R",""
"https://doi.org/10.7910/DVN/XNXZGB","constraintmatrix2.R",""
"https://doi.org/10.7910/DVN/XNXZGB","errorhandling.R",""
"https://doi.org/10.7910/DVN/XNXZGB","Matches_General.R",""
"https://doi.org/10.7910/DVN/XNXZGB","Matches_Runoff.R",""
"https://doi.org/10.7910/DVN/XNXZGB","Outcomes.R",""
"https://doi.org/10.7910/DVN/XNXZGB","print_tab_match.R",""
"https://doi.org/10.7910/DVN/XNXZGB","print_tab.R",""
"https://doi.org/10.7910/DVN/XNXZGB","problemparameters2.R",""
"https://doi.org/10.7910/DVN/XNXZGB","subsetmatch2.R",""
"https://doi.org/10.7910/DVN/XNXZGB","Unadjusted.R",""
"https://doi.org/10.7910/DVN/VS3CG6","Cross_National_R_Code.R",""
"https://doi.org/10.7910/DVN/VS3CG6","Main_Results_Replication_R.R",""
"https://doi.org/10.7910/DVN/RMHOHL","bar chart.R",""
"https://doi.org/10.7910/DVN/RMHOHL","map.R",""
"https://doi.org/10.7910/DVN/3RA7YG","fig5_A-1_A-2.R",""
"https://doi.org/10.7910/DVN/3RA7YG","fig7.R",""
"https://doi.org/10.7910/DVN/3RA7YG","fig9_A-4.R",""
"https://doi.org/10.7910/DVN/3RA7YG","figA-3.R",""
"https://doi.org/10.7910/DVN/JIIICD","sim1.R",""
"https://doi.org/10.7910/DVN/JIIICD","sim2.R",""
"https://doi.org/10.7910/DVN/ZSTE1X","DavisWilf_JoiningTheClub_ReplicationCode.R","survival"
"https://doi.org/10.7910/DVN/VOF11U","conjoint_analysis.R",""
"https://doi.org/10.7910/DVN/VOF11U","observational_analysis.R","texreg"
"https://doi.org/10.7910/DVN/VOF11U","observational_placebo.R","texreg"
"https://doi.org/10.7910/DVN/ZAD5UE","Replication_Code.R",""
"https://doi.org/10.7910/DVN/14RSGX","Appendix_PanelReg_Plotting.R",""
"https://doi.org/10.7910/DVN/14RSGX","Figures1.R",""
"https://doi.org/10.7910/DVN/14RSGX","Figures2-4_GovRD.R",""
"https://doi.org/10.7910/DVN/14RSGX","Figures5-6_StateLegRD.R",""
"https://doi.org/10.7910/DVN/14RSGX","Figures8.R",""
"https://doi.org/10.7910/DVN/14RSGX","hmx.R",""
"https://doi.org/10.7910/DVN/LGDIZD","01_Analyze.R",""
"https://doi.org/10.7910/DVN/LGDIZD","99_CallData.R",""
"https://doi.org/10.7910/DVN/2OFTAW","script01_stage1.R",""
"https://doi.org/10.7910/DVN/2OFTAW","script02_stage2.R",""
"https://doi.org/10.7910/DVN/2OFTAW","script03_classplot.R",""
"https://doi.org/10.7910/DVN/2OFTAW","script04_coefplot.R",""
"https://doi.org/10.7910/DVN/2OFTAW","script05_mgeffs.R",""
"https://doi.org/10.7910/DVN/2OFTAW","script06_turnout_plots.R",""
"https://doi.org/10.7910/DVN/2OFTAW","script07_stage2_1000.R",""
"https://doi.org/10.7910/DVN/2OFTAW","script08_findJ.R",""
"https://doi.org/10.7910/DVN/2OFTAW","script09_stage2_byyear.R",""
"https://doi.org/10.7910/DVN/2OFTAW","script10_coefplot_byyear.R",""
"https://doi.org/10.7910/DVN/2OFTAW","script11_mgeffs_byyear.R",""
"https://doi.org/10.7910/DVN/ASLTVG","replication.R",""
"https://doi.org/10.7910/DVN/0XEUCP","appendix.R","plyr"
"https://doi.org/10.7910/DVN/0XEUCP","functions.R",""
"https://doi.org/10.7910/DVN/0XEUCP","main text.R",""
"https://doi.org/10.7910/DVN/0XEUCP","recodes.R","plyr"
"https://doi.org/10.7910/DVN/61JSZQ","CorporateInfluence_Rscript.R",""
"https://doi.org/10.7910/DVN/ZIYOQ3","hungary - agg - estimation.R",""
"https://doi.org/10.7910/DVN/ZIYOQ3","Hungary - Estimation Code.R",""
"https://doi.org/10.7910/DVN/ZIYOQ3","Plot Code.R",""
"https://doi.org/10.7910/DVN/ZIYOQ3","UK - Estimation Code.R",""
"https://doi.org/10.7910/DVN/BANJL7","Figures.R","ggplot2"
"https://doi.org/10.7910/DVN/1GLFE1","3_estimate_MSAR_PA.R",""
"https://doi.org/10.7910/DVN/1GLFE1","3_post_MSAR_PA.R",""
"https://doi.org/10.7910/DVN/1GLFE1","5_replicate_figures.R",""
"https://doi.org/10.7910/DVN/1GLFE1","TableC2_estimate_MSAR_beta14.R",""
"https://doi.org/10.7910/DVN/1GLFE1","TableC2_estimate_MSAR_uniform.R",""
"https://doi.org/10.7910/DVN/1GLFE1","TableC3_estimate_MSAR_ADL.R",""
"https://doi.org/10.7910/DVN/1GLFE1","TableC3_post_MSAR_ADL.R",""
"https://doi.org/10.7910/DVN/1GLFE1","TableC4_statespace_resultsandfigures.R",""
"https://doi.org/10.7910/DVN/LBMRFX","1_toyexample.R",""
"https://doi.org/10.7910/DVN/LBMRFX","2_stats.R",""
"https://doi.org/10.7910/DVN/LBMRFX","3_pca.R",""
"https://doi.org/10.7910/DVN/LBMRFX","4_cfa_search.R",""
"https://doi.org/10.7910/DVN/LBMRFX","5_cfa.R",""
"https://doi.org/10.7910/DVN/LBMRFX","6_cfa_ind.R",""
"https://doi.org/10.7910/DVN/LBMRFX","7_cfa_prov.R",""
"https://doi.org/10.7910/DVN/LBMRFX","8_abs_cfa.R",""
"https://doi.org/10.7910/DVN/T9WESH","arrested_models.R","lmtest"
"https://doi.org/10.7910/DVN/T9WESH","contraband_models.R","lmtest"
"https://doi.org/10.7910/DVN/T9WESH","cross_val5.R",""
"https://doi.org/10.7910/DVN/T9WESH","full_batch_hom.R","lmtest"
"https://doi.org/10.7910/DVN/T9WESH","full_batch_white_sus.R","lmtest"
"https://doi.org/10.7910/DVN/T9WESH","full_models_all_data_batch.R","lmtest"
"https://doi.org/10.7910/DVN/T9WESH","full.models.R",""
"https://doi.org/10.7910/DVN/T9WESH","full_uniform.R","lmtest"
"https://doi.org/10.7910/DVN/T9WESH","full_white_bg_batch.R","lmtest"
"https://doi.org/10.7910/DVN/T9WESH","hyp_cutoff_batch2.R",""
"https://doi.org/10.7910/DVN/T9WESH","hyp_cutoff_batch.R",""
"https://doi.org/10.7910/DVN/T9WESH","larger.se.R",""
"https://doi.org/10.7910/DVN/T9WESH","local_discont_function.R",""
"https://doi.org/10.7910/DVN/T9WESH","loess.time.plot.R",""
"https://doi.org/10.7910/DVN/T9WESH","master_code.R",""
"https://doi.org/10.7910/DVN/T9WESH","nyc_precinct_crime.R","foreign"
"https://doi.org/10.7910/DVN/T9WESH","summons_models.R","lmtest"
"https://doi.org/10.7910/DVN/T9WESH","vcovCluster.R",""
"https://doi.org/10.7910/DVN/T9WESH","weapon_models_batch.R","lmtest"
"https://doi.org/10.7910/DVN/SJBWC3","analysis_170413.R",""
"https://doi.org/10.7910/DVN/SJBWC3","IncumbencyTimingExperiment.R",""
"https://doi.org/10.7910/DVN/SJBWC3","rd.export.R",""
"https://doi.org/10.7910/DVN/DF4DFH","estimation.R",""
"https://doi.org/10.7910/DVN/DF4DFH","fun.R",""
"https://doi.org/10.7910/DVN/DF4DFH","results.R",""
"https://doi.org/10.7910/DVN/EKNEIH","agents_of_the_regime_figures.R",""
"https://doi.org/10.7910/DVN/ZUE1BI","replication_mediation_showme.R",""
"https://doi.org/10.7910/DVN/T17S0X","implicit_trust_anes_replication.R",""
"https://doi.org/10.7910/DVN/T17S0X","implicit_trust_SSI_replication.R",""
"https://doi.org/10.7910/DVN/T17S0X","implicit_trust_student2012_replication.R",""
"https://doi.org/10.7910/DVN/T17S0X","implicit_trust_student2013_replication.R",""
"https://doi.org/10.7910/DVN/UTJGTF","analysis.R",""
"https://doi.org/10.7910/DVN/CDFEGV","funcs.R",""
"https://doi.org/10.7910/DVN/CDFEGV","GenMatchCode.R",""
"https://doi.org/10.7910/DVN/CDFEGV","indicator.R",""
"https://doi.org/10.7910/DVN/CDFEGV","itersPscoreExample.R",""
"https://doi.org/10.7910/DVN/CDFEGV","objects.R",""
"https://doi.org/10.7910/DVN/CDFEGV","ReplicationCode.R",""
"https://doi.org/10.7910/DVN/MP1NSJ","Unpaved_Road_Replication.R",""
"https://doi.org/10.7910/DVN/7Q9ZSR","01_set_working_directory.R",""
"https://doi.org/10.7910/DVN/7Q9ZSR","02_convert_raw_spss_stata.R",""
"https://doi.org/10.7910/DVN/7Q9ZSR","04_convert_analysis_dataset_to_R.R",""
"https://doi.org/10.7910/DVN/7Q9ZSR","05_table1_design.R",""
"https://doi.org/10.7910/DVN/7Q9ZSR","06_figure1_misperceptions.R",""
"https://doi.org/10.7910/DVN/7Q9ZSR","07_figure2_average_treatment_effects.R",""
"https://doi.org/10.7910/DVN/7Q9ZSR","08_table2_ate_charitable_giving.R",""
"https://doi.org/10.7910/DVN/7Q9ZSR","09_table3_ate_foreign_aid.R",""
"https://doi.org/10.7910/DVN/7Q9ZSR","10_table4_ate_agri_trade.R",""
"https://doi.org/10.7910/DVN/7Q9ZSR","11_table5_mechanisms.R",""
"https://doi.org/10.7910/DVN/7Q9ZSR","12_table6_priors_heterogeneity.R",""
"https://doi.org/10.7910/DVN/7Q9ZSR","13_table7_summary_statistics.R",""
"https://doi.org/10.7910/DVN/7Q9ZSR","14_figure4_misperceptions_completed_college.R",""
"https://doi.org/10.7910/DVN/7Q9ZSR","15_figure5_misperceptions_duration.R",""
"https://doi.org/10.7910/DVN/7Q9ZSR","16_table8_9_figure6_refgroup_median_correlation.R",""
"https://doi.org/10.7910/DVN/7Q9ZSR","17_table10_misperceptions_preferences_correlation.R",""
"https://doi.org/10.7910/DVN/7Q9ZSR","18_table11_treatment_missingness_correlation.R",""
"https://doi.org/10.7910/DVN/7Q9ZSR","19_table12_prior_giving_experiment_correlation.R",""
"https://doi.org/10.7910/DVN/7Q9ZSR","20_table13_domestic_redistribution.R",""
"https://doi.org/10.7910/DVN/7Q9ZSR","21_table14_ologit.R",""
"https://doi.org/10.7910/DVN/7Q9ZSR","22_figure8_priors_heterogeneity_lowess.R",""
"https://doi.org/10.7910/DVN/7Q9ZSR","23_tf_t_15_22_subgroup_analysis.R",""
"https://doi.org/10.7910/DVN/OAGZZD","archer_replication_bootstraps.R",""
"https://doi.org/10.7910/DVN/OAGZZD","archer_replication.R",""
"https://doi.org/10.7910/DVN/CLMQ8E","02_fig1.R",""
"https://doi.org/10.7910/DVN/CLMQ8E","03_fig2.R",""
"https://doi.org/10.7910/DVN/CLMQ8E","04_fig3a_b.R",""
"https://doi.org/10.7910/DVN/CLMQ8E","05_fig4a_b.R",""
"https://doi.org/10.7910/DVN/CLMQ8E","06_fig5a_b.R",""
"https://doi.org/10.7910/DVN/MOTRM2","evw_gender_accountability_replication_code.R",""
"https://doi.org/10.7910/DVN/QKJHCI","alt_air_measures.R",""
"https://doi.org/10.7910/DVN/QKJHCI","arfima_mlm.R",""
"https://doi.org/10.7910/DVN/QKJHCI","category_moves.R",""
"https://doi.org/10.7910/DVN/QKJHCI","daily_deviation.R",""
"https://doi.org/10.7910/DVN/QKJHCI","hukou_balance.R",""
"https://doi.org/10.7910/DVN/QKJHCI","Main_analyses.R",""
"https://doi.org/10.7910/DVN/QKJHCI","o_logits.R",""
"https://doi.org/10.7910/DVN/QKJHCI","perm_tests.R",""
"https://doi.org/10.7910/DVN/QKJHCI","placebo_test.R",""
"https://doi.org/10.7910/DVN/QKJHCI","ppp_cleaning.R",""
"https://doi.org/10.7910/DVN/QKJHCI","ppp_mediation.R",""
"https://doi.org/10.7910/DVN/QKJHCI","ppp_others.R",""
"https://doi.org/10.7910/DVN/QKJHCI","Squared_terms.R",""
"https://doi.org/10.7910/DVN/QKJHCI","stock_robustness_check.R",""
"https://doi.org/10.7910/DVN/QKJHCI","tables_figures.R",""
"https://doi.org/10.7910/DVN/SEXLPX","ht_figure_code.R",""
"https://doi.org/10.7910/DVN/TXEFZI","CarlsonTelephoneJOPReplicationCode-1.R",""
"https://doi.org/10.7910/DVN/AE5BPK","ReplicationCodeGraphs.R",""
"https://doi.org/10.7910/DVN/CV9AYE","nestedTopics.R",""
"https://doi.org/10.7910/DVN/CV9AYE","ReplicationFile.R",""
"https://doi.org/10.7910/DVN/CV9AYE","TableFunctionsFinal.R",""
"https://doi.org/10.7910/DVN/CV9AYE","TableWriteFunctions.R",""
"https://doi.org/10.7910/DVN/56EZPS","figures_main_text.R",""
"https://doi.org/10.7910/DVN/56EZPS","IdeoRatings_estimation.R",""
"https://doi.org/10.7910/DVN/56EZPS","SkillsRatings_estimation.R",""
"https://doi.org/10.7910/DVN/CEJSVJ","analysis_script.R",""
"https://doi.org/10.7910/DVN/QQBARG","petersonsimonovits-analysis.R","plyr"
"https://doi.org/10.7910/DVN/CSNTTG","dataverse_script.R",""
"https://doi.org/10.7910/DVN/4QRUPR","Additional_Robustness.R","foreign"
"https://doi.org/10.7910/DVN/4QRUPR","Analysis_socialization_1973.R",""
"https://doi.org/10.7910/DVN/4QRUPR","Analysis_socialization_1997.R",""
"https://doi.org/10.7910/DVN/4QRUPR","Analysis_socialization.R",""
"https://doi.org/10.7910/DVN/4QRUPR","Analysis_YouGov.R",""
"https://doi.org/10.7910/DVN/4QRUPR","Exchangeable_Analysis_socialization.R",""
"https://doi.org/10.7910/DVN/4QRUPR","Exchangeable_Analysis_YouGov.R",""
"https://doi.org/10.7910/DVN/4QRUPR","Over-time_Graphs.R",""
"https://doi.org/10.7910/DVN/4QRUPR","Voter_file.R",""
"https://doi.org/10.7910/DVN/LNPAOC","1.Replication_Bakker_Lelkes_SellingOurselvesShort_Batch.R",""
"https://doi.org/10.7910/DVN/LNPAOC","Study1_appendixes.R",""
"https://doi.org/10.7910/DVN/LNPAOC","Study1_coding.R",""
"https://doi.org/10.7910/DVN/LNPAOC","Study1_results.R",""
"https://doi.org/10.7910/DVN/LNPAOC","Study2_appendixes.R",""
"https://doi.org/10.7910/DVN/LNPAOC","Study2_coding.R",""
"https://doi.org/10.7910/DVN/LNPAOC","Study2_results.R",""
"https://doi.org/10.7910/DVN/LNPAOC","Study3_appendixes.R",""
"https://doi.org/10.7910/DVN/LNPAOC","Study3_coding.R",""
"https://doi.org/10.7910/DVN/LNPAOC","Study3_Figure6_Agreeableness.R",""
"https://doi.org/10.7910/DVN/LNPAOC","Study3_Figure6_Conscientiousness.R",""
"https://doi.org/10.7910/DVN/LNPAOC","Study3_Figure6_Extraversion.R",""
"https://doi.org/10.7910/DVN/LNPAOC","Study3_Figure6_Neuroticism.R",""
"https://doi.org/10.7910/DVN/LNPAOC","Study3_Figure6_Openness.R",""
"https://doi.org/10.7910/DVN/LNPAOC","Study3_results.R",""
"https://doi.org/10.7910/DVN/61JJI3","FH_Polity permutations.R",""
"https://doi.org/10.7910/DVN/MLH2FY","replication.R","lfe"
"https://doi.org/10.7910/DVN/92SKA2","Figures_2_3.R",""
"https://doi.org/10.7910/DVN/QV7AJH","EL_JOP_AppendixFile.R",""
"https://doi.org/10.7910/DVN/WJXCT8","anes_analyses.R",""
"https://doi.org/10.7910/DVN/WJXCT8","anes_appendix.R",""
"https://doi.org/10.7910/DVN/WJXCT8","anes_prep.R",""
"https://doi.org/10.7910/DVN/WJXCT8","app_feinberg.R",""
"https://doi.org/10.7910/DVN/WJXCT8","app_lisurvey.R",""
"https://doi.org/10.7910/DVN/WJXCT8","func.R",""
"https://doi.org/10.7910/DVN/WJXCT8","MASTER.R",""
"https://doi.org/10.7910/DVN/CF44OW","code_0_read_data.R",""
"https://doi.org/10.7910/DVN/CF44OW","code_1a_prep_data.R",""
"https://doi.org/10.7910/DVN/CF44OW","code_1b_helper_functions.R",""
"https://doi.org/10.7910/DVN/JNFMNQ","JOP_table 3.R",""
"https://doi.org/10.7910/DVN/JNFMNQ","JOP_tables 1 and 2.R",""
"https://doi.org/10.7910/DVN/LDRTZI","figures_hhdata.R","ggplot2"
"https://doi.org/10.7910/DVN/DKKP4I","ad_2000-flip.R",""
"https://doi.org/10.7910/DVN/DKKP4I","ad_2000-sims.R",""
"https://doi.org/10.7910/DVN/DKKP4I","ad_2000-vert.R",""
"https://doi.org/10.7910/DVN/DKKP4I","ad_2010-cflip.R",""
"https://doi.org/10.7910/DVN/DKKP4I","ad_2010-counter.R",""
"https://doi.org/10.7910/DVN/DKKP4I","ad_2010-flipprob.R",""
"https://doi.org/10.7910/DVN/DKKP4I","ad_2010-partisan.R",""
"https://doi.org/10.7910/DVN/DKKP4I","ad_2010-plan.R",""
"https://doi.org/10.7910/DVN/DKKP4I","analysisSTFun.R",""
"https://doi.org/10.7910/DVN/DKKP4I","cd_2000-flip.R",""
"https://doi.org/10.7910/DVN/DKKP4I","cd_2000-sims.R",""
"https://doi.org/10.7910/DVN/DKKP4I","cd_2000-vert.R",""
"https://doi.org/10.7910/DVN/DKKP4I","cd_2010-cflip.R",""
"https://doi.org/10.7910/DVN/DKKP4I","cd_2010-counter_combined.R",""
"https://doi.org/10.7910/DVN/DKKP4I","cd_2010-counter.R",""
"https://doi.org/10.7910/DVN/DKKP4I","cd_2010-flipprob.R",""
"https://doi.org/10.7910/DVN/DKKP4I","cd_2010-flip.R",""
"https://doi.org/10.7910/DVN/DKKP4I","cd_2010-partisan.R",""
"https://doi.org/10.7910/DVN/DKKP4I","cd_2010-plan.R",""
"https://doi.org/10.7910/DVN/DKKP4I","cd_2010-sims.R",""
"https://doi.org/10.7910/DVN/DKKP4I","cd_2010-vert.R",""
"https://doi.org/10.7910/DVN/DKKP4I","figure1a.R",""
"https://doi.org/10.7910/DVN/DKKP4I","figure1b.R",""
"https://doi.org/10.7910/DVN/DKKP4I","figure1c.R",""
"https://doi.org/10.7910/DVN/DKKP4I","figure1d.R",""
"https://doi.org/10.7910/DVN/DKKP4I","presVote.R",""
"https://doi.org/10.7910/DVN/DKKP4I","redist_authority.R",""
"https://doi.org/10.7910/DVN/DKKP4I","sd_2000-flip.R",""
"https://doi.org/10.7910/DVN/DKKP4I","sd_2000-sims.R",""
"https://doi.org/10.7910/DVN/DKKP4I","sd_2000-vert.R",""
"https://doi.org/10.7910/DVN/DKKP4I","sd_2010-cflip.R",""
"https://doi.org/10.7910/DVN/DKKP4I","sd_2010-counter.R",""
"https://doi.org/10.7910/DVN/DKKP4I","sd_2010-flipprob.R",""
"https://doi.org/10.7910/DVN/DKKP4I","sd_2010-partisan.R",""
"https://doi.org/10.7910/DVN/DKKP4I","sd_2010-plan.R",""
"https://doi.org/10.7910/DVN/DKKP4I","sims2000.R",""
"https://doi.org/10.7910/DVN/DKKP4I","sims2010.R",""
"https://doi.org/10.7910/DVN/DKKP4I","stateSwings.R",""
"https://doi.org/10.7910/DVN/AMMFVZ","lowande-replication.R",""
"https://doi.org/10.7910/DVN/XAQMIA","rd.export.R",""
"https://doi.org/10.7910/DVN/XAQMIA","TrainsAccountability_Replication_180215.R",""
"https://doi.org/10.7910/DVN/EEMRS9","randomization inference.R",""
"https://doi.org/10.7910/DVN/ZFQMCP","Paine (2018) spatial data.R",""
"https://doi.org/10.7910/DVN/KGZGLT","ReplicationCode-EthnicCoalitions-Duration-Bormann-180209.R",""
"https://doi.org/10.7910/DVN/KGZGLT","ReplicationCode-EthnicCoalitions-Formation-Plots-Bormann-180209.R",""
"https://doi.org/10.7910/DVN/6NDYHC","analysis.R","partycalls"
"https://doi.org/10.7910/DVN/6NDYHC","test-senate-93.R","partycalls"
"https://doi.org/10.7910/DVN/78JPNJ","Framing and Blame Attribution in Populist Rhetoric_Analysis.R",""
"https://doi.org/10.7910/DVN/ROUWNS","Rep_Fig1.R",""
"https://doi.org/10.7910/DVN/ROUWNS","Rep_FigH1.R",""
"https://doi.org/10.7910/DVN/JAOQSD","WooConradJOP18 Appendix Figure 2.R",""
"https://doi.org/10.7910/DVN/JAOQSD","WooConradJOP18 Appendix Table1 and Figure1.R",""
"https://doi.org/10.7910/DVN/JAOQSD","WooConradJOP18 Appendix Table2to11.R",""
"https://doi.org/10.7910/DVN/JAOQSD","WooConradJOP18.R",""
"https://doi.org/10.7910/DVN/C1SICS","Code Replication Lucardi JOP 2018.R",""
"https://doi.org/10.7910/DVN/8JW4Q7","binary_interaction_plot.R",""
"https://doi.org/10.7910/DVN/8JW4Q7","Figure_1.R",""
"https://doi.org/10.7910/DVN/8JW4Q7","Figure_2_3_4.R",""
"https://doi.org/10.7910/DVN/8JW4Q7","interaction_plot.R",""
"https://doi.org/10.7910/DVN/8JW4Q7","Table_2_A2.R",""
"https://doi.org/10.7910/DVN/8JW4Q7","Table_A1.R",""
"https://doi.org/10.7910/DVN/8JW4Q7","Table_A3_Figure_A1.R",""
"https://doi.org/10.7910/DVN/8JW4Q7","Table_A4_Figure_A2.R",""
"https://doi.org/10.7910/DVN/8JW4Q7","Table_A5.R",""
"https://doi.org/10.7910/DVN/7UBRAC","BeazerReuterJOPplots.R",""
"https://doi.org/10.7910/DVN/ICBCM2","immiginfoexpresults03192018.R",""
"https://doi.org/10.7910/DVN/ICBCM2","immiginfoload03202018.R",""
"https://doi.org/10.7910/DVN/1HNIFT","credibiility_jop_replication_mainresults.R",""
"https://doi.org/10.7910/DVN/1HNIFT","credibility_jop_replication_crowdcoding.R",""
"https://doi.org/10.7910/DVN/1HNIFT","credibility_jop_replication_externalvalidity.R",""
"https://doi.org/10.7910/DVN/1HNIFT","credibility_jop_replication_publicopinion.R",""
"https://doi.org/10.7910/DVN/VHNONI","PAI-Replication.R",""
"https://doi.org/10.7910/DVN/XQ9RJT","Data Preparation.R",""
"https://doi.org/10.7910/DVN/XQ9RJT","Models.R",""
"https://doi.org/10.7910/DVN/XQ9RJT","Randomization Inference (Figure 4).R",""
"https://doi.org/10.7910/DVN/C15VOD","ccvw_replication_study1.R",""
"https://doi.org/10.7910/DVN/C15VOD","ccvw_replication_study2.R",""
"https://doi.org/10.7910/DVN/3QNR8Q","fig1.R","ggplot2"
"https://doi.org/10.7910/DVN/3QNR8Q","figA1.R",""
"https://doi.org/10.7910/DVN/3QNR8Q","figA2.R","ggplot2"
"https://doi.org/10.7910/DVN/3QNR8Q","figA3_A4.R",""
"https://doi.org/10.7910/DVN/3QNR8Q","utils.R",""
"https://doi.org/10.7910/DVN/8OKVHY","mdr_politicization_appendix_figures.R",""
"https://doi.org/10.7910/DVN/8OKVHY","mdr_politicization_jop_bootstrap_figures.R",""
"https://doi.org/10.7910/DVN/8OKVHY","mdr_politicization_jop_mission_coding.R",""
"https://doi.org/10.7910/DVN/8OKVHY","mdr_politicization_rep_dem_barplots.R",""
"https://doi.org/10.7910/DVN/Y1EUAY","SEM_Figure2_3_4.R",""
"https://doi.org/10.7910/DVN/2CS1VF","helperfunctions.R","stm"
"https://doi.org/10.7910/DVN/2CS1VF","main.R",""
"https://doi.org/10.7910/DVN/OFK4L6","Implicit Attitudes Towards an Authoritarian Regime v JOP R1 Submission - R Analysis File.R",""
"https://doi.org/10.7910/DVN/CJBG5J","How negative sentiment - R script.R",""
"https://doi.org/10.7910/DVN/L4IOHC","analysis.R","MASS"
"https://doi.org/10.7910/DVN/HJ4KH7","1_googletrend.R",""
"https://doi.org/10.7910/DVN/HJ4KH7","2_data_descriptives.R",""
"https://doi.org/10.7910/DVN/HJ4KH7","3_net_effects.R",""
"https://doi.org/10.7910/DVN/HJ4KH7","4_main_its.R",""
"https://doi.org/10.7910/DVN/HJ4KH7","5_hetero_its.R",""
"https://doi.org/10.7910/DVN/HJ4KH7","A10_its_10day.R",""
"https://doi.org/10.7910/DVN/HJ4KH7","A10_its_robustness.R",""
"https://doi.org/10.7910/DVN/HJ4KH7","A11_placebo_days.R",""
"https://doi.org/10.7910/DVN/HJ4KH7","A12_explaining_daily_bias.R",""
"https://doi.org/10.7910/DVN/HJ4KH7","A13_regression_tree.R",""
"https://doi.org/10.7910/DVN/HJ4KH7","A2_demogstrata_agg_changes.R",""
"https://doi.org/10.7910/DVN/HJ4KH7","A3_GOPfieldcomp.R",""
"https://doi.org/10.7910/DVN/HJ4KH7","A4_net_effects_demogonly.R",""
"https://doi.org/10.7910/DVN/HJ4KH7","A5_demogmodelswithideo.R",""
"https://doi.org/10.7910/DVN/HJ4KH7","A6_omnibus_models.R",""
"https://doi.org/10.7910/DVN/HJ4KH7","A7_its_figures.R",""
"https://doi.org/10.7910/DVN/HJ4KH7","A8_full_hetero.R",""
"https://doi.org/10.7910/DVN/HJ4KH7","A9_power_analysis.R",""
"https://doi.org/10.7910/DVN/MZIKCS","nonstmJoPReplication.R",""
"https://doi.org/10.7910/DVN/MZIKCS","stmJoPReplication.R",""
"https://doi.org/10.7910/DVN/AK10AT","Corruption&ForeignInvestment.R",""
"https://doi.org/10.7910/DVN/WUOAB7","SpatialModels.R",""
"https://doi.org/10.7910/DVN/WUOAB7","subsample_replication_figures.R",""
"https://doi.org/10.7910/DVN/BXBJFW","ReplicationCodeJOP.R",""
"https://doi.org/10.7910/DVN/WNMLPA","01_MainAnalysis.R",""
"https://doi.org/10.7910/DVN/XTIHGR","Code.R",""
"https://doi.org/10.7910/DVN/KJ6X76","2_figures.R",""
"https://doi.org/10.7910/DVN/WAEHOI","grid_mediate_mastrep.R",""
"https://doi.org/10.7910/DVN/WAEHOI","prov_mediate_rep.R",""
"https://doi.org/10.7910/DVN/IUB62M","appendix_alt_specs.R",""
"https://doi.org/10.7910/DVN/IUB62M","appendix_disc_ncps.R",""
"https://doi.org/10.7910/DVN/IUB62M","appendix_index_items.R",""
"https://doi.org/10.7910/DVN/IUB62M","descriptives.R",""
"https://doi.org/10.7910/DVN/IUB62M","JoP_Targeted.R",""
"https://doi.org/10.7910/DVN/XN2TZL","JonesBrewer_ReplCode.R",""
"https://doi.org/10.7910/DVN/XONPX2","Figure1-A1.R",""
"https://doi.org/10.7910/DVN/XONPX2","Figures_A2_A3_CDE estimation.R",""
"https://doi.org/10.7910/DVN/XONPX2","Tables_A1_A2.R",""
"https://doi.org/10.7910/DVN/XZLGAZ","Climate_MainAnalysis.R",""
"https://doi.org/10.7910/DVN/XZLGAZ","Climate_Supplementary_Figures.R","car"
"https://doi.org/10.7910/DVN/GS8IFM","Visulization.R",""
"https://doi.org/10.7910/DVN/SMLV5D","GenMatching_RRR.R",""
"https://doi.org/10.7910/DVN/Q2MHDM","subnational.R",""
"https://doi.org/10.7910/DVN/OAPCH9","appendix.R",""
"https://doi.org/10.7910/DVN/OAPCH9","base_cueing_analysis.R",""
"https://doi.org/10.7910/DVN/OAPCH9","buddy_cueing_analysis.R",""
"https://doi.org/10.7910/DVN/OAPCH9","chamber_cueing_analysis.R",""
"https://doi.org/10.7910/DVN/OAPCH9","cont_cueing_analysis.R",""
"https://doi.org/10.7910/DVN/OAPCH9","copartisan_cueing_analysis.R",""
"https://doi.org/10.7910/DVN/OAPCH9","cueing_functions.R","sandwich"
"https://doi.org/10.7910/DVN/OAPCH9","exit_cueing_analysis.R",""
"https://doi.org/10.7910/DVN/OAPCH9","main.R",""
"https://doi.org/10.7910/DVN/OAPCH9","polar_cueing_analysis.R",""
"https://doi.org/10.7910/DVN/OAPCH9","pt_cueing_analysis.R",""
"https://doi.org/10.7910/DVN/OAPCH9","reverse_cueing_analysis.R",""
"https://doi.org/10.7910/DVN/OAPCH9","time_cueing_analysis.R",""
"https://doi.org/10.7910/DVN/4KFU8S","Figure3.R",""
"https://doi.org/10.7910/DVN/4KFU8S","Figure4_SSM_OpinionChange.R","dplyr"
"https://doi.org/10.7910/DVN/4KFU8S","Table1.R","dplyr"
"https://doi.org/10.7910/DVN/AMJXCB","Step 1_Creating Weighted Clean Data.R",""
"https://doi.org/10.7910/DVN/AMJXCB","Step 2_Replication Code_Article.R",""
"https://doi.org/10.7910/DVN/AMJXCB","Step 3_Replication Code_Appendix.R",""
"https://doi.org/10.7910/DVN/KGHEU4","script for figure 4.R","foreign"
"https://doi.org/10.7910/DVN/8ZTQNM","mediation.R",""
"https://doi.org/10.7910/DVN/DJKH4H","permutation tests.R",""
"https://doi.org/10.7910/DVN/DJKH4H","rdplot.R",""
"https://doi.org/10.7910/DVN/WKIJST","NAES-context-anal-10262018.R",""
"https://doi.org/10.7910/DVN/WKIJST","NAES-context-dataloadtransform-10262018.R",""
"https://doi.org/10.7910/DVN/WKIJST","ypsps-load-anal-10262018.R",""
"https://doi.org/10.7910/DVN/E3FDAV","county_council_analysis.R","tidyr"
"https://doi.org/10.7910/DVN/E3FDAV","county_council_descriptives.R",""
"https://doi.org/10.7910/DVN/E3FDAV","DIME_merging_counties.R",""
"https://doi.org/10.7910/DVN/E3FDAV","geo_functions.R",""
"https://doi.org/10.7910/DVN/E3FDAV","rd.export.2017.R",""
"https://doi.org/10.7910/DVN/SUQC9N","0_more_donors_replication_script.R",""
"https://doi.org/10.7910/DVN/SUQC9N","B1_spurious_placebo_test.R",""
"https://doi.org/10.7910/DVN/SUQC9N","B2_female_leg_aid_share_plot.R",""
"https://doi.org/10.7910/DVN/SUQC9N","B_more_donors_replication_appendix_B.R",""
"https://doi.org/10.7910/DVN/SUQC9N","C1_conley_se.R",""
"https://doi.org/10.7910/DVN/SUQC9N","C_more_donors_replication_appendix_C.R",""
"https://doi.org/10.7910/DVN/3EONKV","01_clean&stack.R",""
"https://doi.org/10.7910/DVN/3EONKV","02_analysis.R",""
"https://doi.org/10.7910/DVN/3EONKV","03_appendix.R",""
"https://doi.org/10.7910/DVN/GDZTK8","a.termlimits_polarization_central_analysis.R",""
"https://doi.org/10.7910/DVN/GDZTK8","b.continuous_margeff_function.R",""
"https://doi.org/10.7910/DVN/GDZTK8","c.aggregate_analysis_2016.R",""
"https://doi.org/10.7910/DVN/GDZTK8","d.dime_aggregate_analysis.R",""
"https://doi.org/10.7910/DVN/GDZTK8","e.competitiveness_analysis.R",""
"https://doi.org/10.7910/DVN/GDZTK8","f.legprof_interactions.R",""
"https://doi.org/10.7910/DVN/GDZTK8","g.dime_campaign_finance_analysis.R",""
"https://doi.org/10.7910/DVN/GDZTK8","h.individual_leadership_analysis.R",""
"https://doi.org/10.7910/DVN/GDZTK8","i.individual_margdist_analysis.R",""
"https://doi.org/10.7910/DVN/GDZTK8","j.individual_sm_analysis.R",""
"https://doi.org/10.7910/DVN/0DLNBL","JOP_CitiesStatehouse_50state.R",""
"https://doi.org/10.7910/DVN/0DLNBL","JOP_CitiesStatehouse_Appendix.R",""
"https://doi.org/10.7910/DVN/0DLNBL","JOP_CitiesStatehouse_CApanel.R",""
"https://doi.org/10.7910/DVN/VWPPVQ","Bargaining Delay Replication.R",""
"https://doi.org/10.7910/DVN/FMX62W","eba_bsc_A.R","foreign"
"https://doi.org/10.7910/DVN/FMX62W","eba_bsc_B.R","foreign"
"https://doi.org/10.7910/DVN/FMX62W","eba_pth_A.R","foreign"
"https://doi.org/10.7910/DVN/FMX62W","eba_pth_B.R","foreign"
"https://doi.org/10.7910/DVN/UFZTYU","0-1.Illustrations.R",""
"https://doi.org/10.7910/DVN/UFZTYU","0.Functions.R",""
"https://doi.org/10.7910/DVN/UFZTYU","1-1.Prep_Data_NES.R",""
"https://doi.org/10.7910/DVN/UFZTYU","1-2.Prep_Data_GSS.R",""
"https://doi.org/10.7910/DVN/UFZTYU","1-3.Gen_Lib_Data.R",""
"https://doi.org/10.7910/DVN/UFZTYU","2.Descriptive_Trends.R",""
"https://doi.org/10.7910/DVN/UFZTYU","3-1.Compile_STAN.R",""
"https://doi.org/10.7910/DVN/UFZTYU","3-2.Model_Fitting.R",""
"https://doi.org/10.7910/DVN/UFZTYU","3-3.Check_Div_&_Refit.R",""
"https://doi.org/10.7910/DVN/UFZTYU","3-4.Model_Comparison.R",""
"https://doi.org/10.7910/DVN/UFZTYU","4-1.Extract_Samps_&_PPC.R",""
"https://doi.org/10.7910/DVN/UFZTYU","4-2.Model_Tables.R",""
"https://doi.org/10.7910/DVN/UFZTYU","4-3.Model_Plots.R",""
"https://doi.org/10.7910/DVN/UFZTYU","5-1.APP_Econ_Refit.R",""
"https://doi.org/10.7910/DVN/UFZTYU","5-2.APP_Comp_Changes.R",""
"https://doi.org/10.7910/DVN/UFZTYU","6-1.Nums_in_Text.R",""
"https://doi.org/10.7910/DVN/UFZTYU","_MAINCODE.R",""
"https://doi.org/10.7910/DVN/PUIROM","3_data management.R",""
"https://doi.org/10.7910/DVN/PUIROM","4_analysis in article.R",""
"https://doi.org/10.7910/DVN/PUIROM","5_analysis in appendix.R",""
"https://doi.org/10.7910/DVN/IUXG2I","FragaJuenkeShah_Fig1.R",""
"https://doi.org/10.7910/DVN/IUXG2I","FragaJuenkeShah_FigA1.R",""
"https://doi.org/10.7910/DVN/IUXG2I","FragaJuenkeShah_FigA2.R",""
"https://doi.org/10.7910/DVN/IUXG2I","FragaJuenkeShah_FigA3.R",""
"https://doi.org/10.7910/DVN/IUXG2I","FragaJuenkeShah_FigA4.R",""
"https://doi.org/10.7910/DVN/IUXG2I","FragaJuenkeShah_FigA5-A6.R",""
"https://doi.org/10.7910/DVN/IUXG2I","FragaJuenkeShah_FigA7-A8.R",""
"https://doi.org/10.7910/DVN/IUXG2I","FragaJuenkeShah_Functions.R",""
"https://doi.org/10.7910/DVN/IUXG2I","FragaJuenkeShah_TabA1-A2.R",""
"https://doi.org/10.7910/DVN/IUXG2I","FragaJuenkeShah_TabA3.R",""
"https://doi.org/10.7910/DVN/IUXG2I","FragaJuenkeShah_TabA4.R",""
"https://doi.org/10.7910/DVN/IUXG2I","FragaJuenkeShah_TabA5.R",""
"https://doi.org/10.7910/DVN/JWJRME","1_myrick2019_dataprep.R",""
"https://doi.org/10.7910/DVN/JWJRME","1_myrick2019_rep_figures.R",""
